<?xml version="1.0" encoding="UTF-8"?>
<project-private xmlns="http://www.netbeans.org/ns/project-private/1">
    <editor-bookmarks xmlns="http://www.netbeans.org/ns/editor-bookmarks/2" lastBookmarkId="0"/>
    <open-files xmlns="http://www.netbeans.org/ns/projectui-open-files/2">
        <group>
            <file>file:/C:/Users/luzdy/OneDrive/Documents/NetBeansProjects/ExamenCortoFinal/src/Poligono.java</file>
            <file>file:/C:/Users/luzdy/OneDrive/Documents/NetBeansProjects/ExamenCortoFinal/src/examencortofinal/ExamenCortoFinal.java</file>
            <file>file:/C:/Users/luzdy/OneDrive/Documents/NetBeansProjects/ExamenCortoFinal/src/Cesar.java</file>
            <file>file:/C:/Users/luzdy/OneDrive/Documents/NetBeansProjects/ExamenCortoFinal/src/Triangulo.java</file>
            <file>file:/C:/Users/luzdy/OneDrive/Documents/NetBeansProjects/ExamenCortoFinal/src/ManoCartas.java</file>
        </group>
    </open-files>
</project-private>
